{"stat.walkOneCm":8559,"stat.useItem.autogen.gregtech:gt.blockcasings":57,"achievement.openInventory":135,"stat.useItem.autogen.tectech:ForgeOfGodsRenderBlock":1,"stat.useItem.autogen.ae2fc:fluid_discretizer":1,"stat.useItem.autogen.ScienceNotLeisure:MetaBlockCasing01":9,"stat.useItem.autogen.appliedenergistics2:item.ItemMultiPart":19,"stat.useItem.autogen.appliedenergistics2:tile.BlockChest":1,"stat.useItem.24":3,"stat.useItem.autogen.appliedenergistics2:tile.BlockCreativeEnergyCell":1,"stat.useItem.autogen.Avaritia:Dire_Crafting":1,"stat.flyOneCm":61709,"stat.useItem.autogen.ae2fc:part_fluid_export":3,"stat.drop":29,"stat.jump":30,"stat.swimOneCm":130,"stat.playOneMinute":961279,"stat.useItem.1":1,"stat.useItem.autogen.gregtech:gt.blockcasings2":41,"stat.useItem.autogen.appliedenergistics2:tile.BlockCellWorkbench":1,"stat.useItem.autogen.gregtech:gt.blockmachines":69,"achievement.exploreAllBiomes":{"value":0,"progress":["Desert"]}}